rank,candidate_id
1,CH-GL8L0I
2,CH-N84T3M
3,CH-KT06SN
4,CH-DMGT0P
5,CH-A6HJWF
6,CH-YUBCC0
7,CH-FQOJOB
8,CH-G7CLOL
9,CH-NOMW3M
10,CH-1F5UOI
11,CH-PYHQB8
12,CH-U73R8O
13,CH-RZSAQT
14,CH-51OVXE
15,CH-YJI1E0
16,CH-FGMJ8J
17,CH-K3HV6O
18,CH-PIQWDL
19,CH-MB8GJ6
20,CH-ALZASI
21,CH-2PWT88
22,CH-8HGFIB
23,CH-VQRBXN
24,CH-LH3I14
25,CH-Z1S8ON
26,CH-1ZVOWQ
27,CH-4CC9HS
28,CH-H0R9QO
29,CH-V6EOG6
30,CH-C2X2HB
31,CH-YGJQAA
32,CH-UGWTEH
33,CH-NRDNPN
34,CH-M3UKC1
35,CH-MG7EHH
36,CH-J9ZOYV
37,CH-IOYBV8
38,CH-ZHDFRW
39,CH-0W1USG
40,CH-7I5B6Q
41,CH-I6F1SI
42,CH-LVJYZC
43,CH-2JJ9Q8
44,CH-TDESBE
45,CH-9AOTOU
46,CH-0QTDRE
47,CH-MGAEZW
48,CH-SE37XM
49,CH-Y55N1F
50,CH-5Y7RNY
51,CH-6EYP2T
52,CH-NIHWLW
53,CH-MPI5T7
54,CH-0LSZLU
55,CH-FVY1UO
56,CH-BLMZLZ
57,CH-ZAA38A
58,CH-M2JT9I
59,CH-7BPP3I
60,CH-IDMQQ3
61,CH-2W4599
62,CH-WOE7HH
63,CH-I7DIH1
64,CH-N4LUID
65,CH-OY5QBH
66,CH-QWQ7HI
67,CH-KHX4FF
68,CH-1GUV4Z
69,CH-YVSSH9
70,CH-QAYHZV
71,CH-STUZOP
72,CH-E5RPRH
73,CH-WJT0ZY
74,CH-KY74EN
75,CH-3UPMW9
76,CH-NISAIM
77,CH-ZTJEEW
78,CH-BXDMFM
79,CH-RIB9KZ
80,CH-CAHVXS
81,CH-ZLFUPR
82,CH-0MVO7L
83,CH-CZSSR1
84,CH-43Z295
85,CH-H4DLOV
86,CH-BXPRCP
87,CH-LZ1CJL
88,CH-DMK5DV
89,CH-HW3OG4
90,CH-VB01WU
91,CH-42NLS7
92,CH-O4SS19
93,CH-6HCGM5
94,CH-KB0CZU
95,CH-OFRLTH
96,CH-JLFHN2
97,CH-U9Y0PU
98,CH-F5UJOK
99,CH-8OI1HC
100,CH-DN53A6
101,CH-RXVJSE
102,CH-7Z3EEK
103,CH-5SSA8L
104,CH-DC1QCH
105,CH-DW5KV8
106,CH-EEX74N
107,CH-OHR4WG
108,CH-20SG1N
109,CH-0W3ZRJ
110,CH-LATPSA
111,CH-N1T2UJ
112,CH-MO53JB
113,CH-5NOX67
114,CH-KH9GA7
115,CH-LY2ZPO
116,CH-LZNF6D
117,CH-C8OF5S
118,CH-OQMSZW
119,CH-H8P5A4
120,CH-CM0PHS
121,CH-5SN240
122,CH-QOCBQP
123,CH-SWTX72
124,CH-1CUD4H
125,CH-20BYU9
126,CH-VO1325
127,CH-MGO0Z9
128,CH-3LAXA6
129,CH-MO9NR2
130,CH-D5QEZ1
131,CH-UZC4SW
132,CH-4J4J1H
133,CH-65C8G1
134,CH-OEHSR7
135,CH-MK94LD
136,CH-66J2BW
137,CH-U5LROA
138,CH-M3GVM0
139,CH-GDUY93
140,CH-RTECVY
141,CH-52H7I2
142,CH-M06BRY
143,CH-SAQONG
144,CH-96S5QQ
145,CH-21426O
146,CH-45J4NM
147,CH-QSIAH2
148,CH-MJLRQ9
149,CH-YEQLBC
150,CH-PN38OI
151,CH-B5K9SD
152,CH-LRA3V6
153,CH-25KU8K
154,CH-M5QW8N
155,CH-0PPHW1
156,CH-YXVRO0
157,CH-BD141E
158,CH-5TI4AG
159,CH-HBDEVD
160,CH-86B4JV
161,CH-K2AAOZ
162,CH-10VOBI
163,CH-IKN6IZ
164,CH-F9YDMQ
165,CH-T9VE72
166,CH-58907A
167,CH-F4BS8Z
168,CH-FMV2D5
169,CH-OV4NDX
170,CH-6P7LPL
171,CH-HY3LNV
172,CH-94V4Z5
173,CH-TVZ8EL
174,CH-Y6IZIU
175,CH-S29BXR
176,CH-5YY1ZS
177,CH-VGAU08
178,CH-HAP30A
179,CH-O5QNFY
180,CH-745SSD
181,CH-FXJYMV
182,CH-TOTSMX
183,CH-GFIQ2C
184,CH-DFJB7Z
185,CH-1FMV1E
186,CH-RJV6PR
187,CH-O8AJER
188,CH-E3CXEK
189,CH-ZLE90E
190,CH-1ZTWZD
191,CH-URKNJK
192,CH-SMAPAI
193,CH-ID0LLW
194,CH-RTQLG7
195,CH-RNQ13Z
196,CH-HYEK4T
197,CH-Z32AU5
198,CH-AQCT8B
199,CH-2P86G7
200,CH-TJ5UXF
201,CH-O8A7CX
202,CH-6ZDAGP
203,CH-0LBXT3
204,CH-TDXCRW
205,CH-OQII6X
206,CH-LO6OR0
207,CH-OVIHBT
208,CH-IDLUCR
209,CH-3Z21WG
210,CH-IG73GC
211,CH-4HLG29
212,CH-FFRR0Q
213,CH-WGRDYN
214,CH-XJWRMW
215,CH-W5WZ2P
216,CH-TYX2EW
217,CH-4P2DXU
218,CH-9L0P8Q
219,CH-SYA2Z7
220,CH-UF75LS
221,CH-BER0JY
222,CH-JCN2GF
223,CH-46W3Q3
224,CH-GKYIB5
225,CH-PAFY1X
226,CH-U5J53B
227,CH-JE4G04
228,CH-ANRT84
229,CH-7SIC96
230,CH-GAELOQ
231,CH-49X4TX
232,CH-1704EC
233,CH-085WNA
234,CH-UI1LT0
235,CH-H2DFR3
236,CH-KSM6J1
237,CH-DLSUFO
238,CH-4C53CP
239,CH-FFAIB8
240,CH-83QNLM
241,CH-XP4PM7
242,CH-PEH5UJ
243,CH-IJIGO4
244,CH-1IGPJ8
245,CH-M27DXJ
246,CH-M0E03U
247,CH-54PD24
248,CH-2OA5JX
249,CH-97P5ZA
250,CH-CWJ24W
251,CH-13G62O
252,CH-POPW61
253,CH-HEXLYT
254,CH-92LAYY
255,CH-HP5W72
256,CH-JHG452
257,CH-LIKZXS
258,CH-JLGWVF
259,CH-Q8Q7DJ
260,CH-WBN0KI
261,CH-J6D1NE
262,CH-VMINLE
263,CH-V1W2LP
264,CH-UFJ0R0
265,CH-L82QYP
266,CH-ANEG2Y
267,CH-VR40EH
268,CH-HXFDR6
269,CH-B9LKVN
270,CH-N78HC4
271,CH-MY1TSN
272,CH-Y0QZDG
273,CH-ZC0DT5
274,CH-J86TFI
275,CH-URNKEB
276,CH-QPIYUA
277,CH-62N5UM
278,CH-RGIKLJ
279,CH-4X6HBV
280,CH-DE2WHO
281,CH-4MA530
282,CH-WTB454
283,CH-9TIGDG
284,CH-IFVM1N
285,CH-AWUX54
286,CH-2ZTXVN
287,CH-APQVQ8
288,CH-XTJ3WB
289,CH-7E56H1
290,CH-L34TP5
291,CH-AKBULY
292,CH-SBI1Z5
293,CH-PFVPOI
294,CH-SB1MQ0
295,CH-QKADEK
296,CH-TV5VDN
297,CH-VPO7SN
298,CH-1T0WU5
299,CH-5WBYRP
300,CH-HWIX24
301,CH-EM6AJM
302,CH-NRT68C
303,CH-7AZ55M
304,CH-FTDL6E
305,CH-P2PR2A
306,CH-OEV8OI
307,CH-JNQNYQ
308,CH-WDUSPF
309,CH-MON242
310,CH-3T06X9
311,CH-JI89ZN
312,CH-9NVS95
313,CH-L7M6MJ
314,CH-Y3Z6GU
315,CH-BOGFSX
316,CH-F53VH3
317,CH-EYYRUI
318,CH-54S0NS
319,CH-LXNBAK
320,CH-4G3FT8
321,CH-W63200
322,CH-LUV6PW
323,CH-IMUTGE
324,CH-VSOZZT
325,CH-ONHBHX
326,CH-JJ86Q7
327,CH-TH1E3I
328,CH-K1YK0R
329,CH-EA96NR
330,CH-U4IGOP
331,CH-UYC8EQ
332,CH-XJ2AKT
333,CH-CBEPPQ
334,CH-ZFB0BO
335,CH-17XPQ7
336,CH-8LJVXM
337,CH-DGVC8L
338,CH-AQ6IJU
339,CH-1ANI8N
340,CH-K5WXKA
341,CH-13NCBR
342,CH-U3QJVJ
343,CH-WEL9EX
344,CH-ZCHZZ6
345,CH-RW0P29
346,CH-IDBT28
347,CH-NAYFGU
348,CH-99J451
349,CH-85U38K
350,CH-3G39BS
351,CH-TRCCWB
352,CH-U14FCL
353,CH-57OTR2
354,CH-PY9F60
355,CH-OY9QWV
356,CH-MK30GH
357,CH-RR9U7K
358,CH-YU9E5R
359,CH-3X6VKW
360,CH-0IBFUK
361,CH-MBT11N
362,CH-1X7AFN
363,CH-4780JZ
364,CH-HFNXG3
365,CH-9T584W
366,CH-ME9C39
367,CH-RQWZXK
368,CH-8DY4OC
369,CH-RF6M9H
370,CH-WCHBSK
371,CH-D9T2R2
372,CH-C5Z3C8
373,CH-YH48FO
374,CH-PH4D6X
375,CH-X40SAT
376,CH-8LTQ11
377,CH-77IBVR
378,CH-KUJSCS
379,CH-TDQU6Y
380,CH-PCJAJH
381,CH-8U7AKX
382,CH-S7UAHO
383,CH-SJE2VB
384,CH-NOWWFE
385,CH-ZPBOBD
386,CH-GHPNRI
387,CH-VFWDNY
388,CH-ZIX9KY
389,CH-GPBGUT
390,CH-UJ8OLF
391,CH-4I71DB
392,CH-IHIYIF
393,CH-29PR3K
394,CH-X4EF4M
395,CH-FPNNFB
396,CH-L0UVKK
397,CH-YUJLGL
398,CH-17WCTV
399,CH-NBRD2Z
400,CH-7C6MBN
401,CH-HNF5DF
402,CH-VZ50YP
403,CH-2JQ5SH
404,CH-V3WVRU
405,CH-D48AWS
406,CH-RE9N9H
407,CH-OZATC4
408,CH-M2LG7F
409,CH-NM5FI9
410,CH-JU3WCI
411,CH-ODBL4Y
412,CH-B2I22H
413,CH-69YLFB
414,CH-4X36KD
415,CH-YNFE2T
416,CH-7Q19FO
417,CH-WRSG0P
418,CH-JL6UAH
419,CH-CWDRXV
420,CH-QOGWJ0
421,CH-W35UXR
422,CH-HR09RX
423,CH-AHJ6AZ
424,CH-ACRFXE
425,CH-GEKXOS
426,CH-9KV2TW
427,CH-BWRLT3
428,CH-VDOGEJ
429,CH-W41CDA
430,CH-5KDYV4
431,CH-2C1X0N
432,CH-KYA4MY
433,CH-RN06DK
434,CH-HGBHGH
435,CH-VFVWU5
436,CH-HYZLES
437,CH-PEKZAE
438,CH-KXF7BG
439,CH-FIY3PB
440,CH-0QO2LH
441,CH-VHYKEB
442,CH-QAMJ7N
443,CH-YXDI6M
444,CH-WJZNVV
445,CH-IG0Q7T
446,CH-A0GZ54
447,CH-QQ7V37
448,CH-MSJ36K
449,CH-QNQAR0
450,CH-OLX1N0
451,CH-9QUOOY
452,CH-WRHR61
453,CH-289R2P
454,CH-3SXCYB
455,CH-4VAI9F
456,CH-TXIQKY
457,CH-432Q3G
458,CH-9IOG3V
459,CH-2TJNBK
460,CH-6TMFAQ
461,CH-WALIKU
462,CH-64DGIM
463,CH-QT6VMC
464,CH-HBXH1F
465,CH-134FMT
466,CH-J441UP
467,CH-MZXKJ5
468,CH-Y32MHW
469,CH-OHG529
470,CH-QVR2O8
471,CH-F1UBMW
472,CH-I2DL0M
473,CH-RBPTQ0
474,CH-0NZ5HT
475,CH-GSDXBN
476,CH-42Z7AA
477,CH-23OYSI
478,CH-9T2JT7
479,CH-V65V90
480,CH-757L6T
481,CH-S8FSH7
482,CH-G0LGQ4
483,CH-HOPTWF
484,CH-D2JV6A
485,CH-I1R7OY
486,CH-W2OH7W
487,CH-T6YRYN
488,CH-TADMF9
489,CH-TP4REO
490,CH-3CLYQO
491,CH-HFO501
492,CH-EX91F8
493,CH-H5PSSJ
494,CH-A86J07
495,CH-995E3Q
496,CH-SSJH9R
497,CH-G2XBAX
498,CH-SDAKKF
499,CH-R064GA
500,CH-UIBHDJ
